age_group,diet,species,pathway,metabolite_id,metabolite_name,layer_from,layer_to,species_from,species_to,reaction_id,reaction_name,flux,abs_flux,role
81_plus,western,Faecalibacterium_prausnitzii_M21_2__AGORA1_03,Nucleotide interconversion,hxan(e),Hypoxanthine,environment,organism_exchange,,Faecalibacterium_prausnitzii_M21_2__AGORA1_03,EX_hxan(e),Hypoxanthine exchange,2.4005612399067733,2.4005612399067733,environment_exchange
81_plus,western,Faecalibacterium_prausnitzii_M21_2__AGORA1_03,Nucleotide interconversion,hxan(e),Hypoxanthine,organism_exchange,shared_metabolite,Escherichia_coli_UTI89_UPEC_AGORA1_03,,EX_hxan(e),Hypoxanthine exchange,-0.2421472481602791,0.2421472481602791,organism_secretion
81_plus,western,Faecalibacterium_prausnitzii_M21_2__AGORA1_03,Nucleotide interconversion,hxan(e),Hypoxanthine,organism_exchange,organism_exchange,Escherichia_coli_UTI89_UPEC_AGORA1_03,Faecalibacterium_prausnitzii_M21_2__AGORA1_03,,Cross-feeding candidate via Hypoxanthine,0.2421472481602791,0.2421472481602791,crossfeeding_candidate
81_plus,western,Faecalibacterium_prausnitzii_M21_2__AGORA1_03,Nucleotide interconversion,hxan(e),Hypoxanthine,shared_metabolite,organism_exchange,,Faecalibacterium_prausnitzii_M21_2__AGORA1_03,EX_hxan(e),Hypoxanthine exchange,2.4005612399067733,2.4005612399067733,organism_uptake
81_plus,western,Faecalibacterium_prausnitzii_M21_2__AGORA1_03,Nucleotide interconversion,hxan(e),Hypoxanthine,organism_exchange,species_internal,Faecalibacterium_prausnitzii_M21_2__AGORA1_03,Faecalibacterium_prausnitzii_M21_2__AGORA1_03,ADK1,Adenylate Kinase,-1000.0,1000.0,internal_processing
81_plus,western,Faecalibacterium_prausnitzii_M21_2__AGORA1_03,Nucleotide interconversion,hxan(e),Hypoxanthine,organism_exchange,species_internal,Faecalibacterium_prausnitzii_M21_2__AGORA1_03,Faecalibacterium_prausnitzii_M21_2__AGORA1_03,GK1,Guanylate Kinase (GMP:ATP),1000.0,1000.0,internal_processing
81_plus,western,Faecalibacterium_prausnitzii_M21_2__AGORA1_03,Nucleotide interconversion,hxan(e),Hypoxanthine,organism_exchange,species_internal,Faecalibacterium_prausnitzii_M21_2__AGORA1_03,Faecalibacterium_prausnitzii_M21_2__AGORA1_03,ADK10,adenylate kinase (dTTP),-1000.0,1000.0,internal_processing
81_plus,western,Faecalibacterium_prausnitzii_M21_2__AGORA1_03,Nucleotide interconversion,hxan(e),Hypoxanthine,organism_exchange,species_internal,Faecalibacterium_prausnitzii_M21_2__AGORA1_03,Faecalibacterium_prausnitzii_M21_2__AGORA1_03,NDPK6,Nucleoside-Diphosphate Kinase (ATP:dUDP),1000.0,1000.0,internal_processing
81_plus,western,Faecalibacterium_prausnitzii_M21_2__AGORA1_03,Nucleotide interconversion,hxan(e),Hypoxanthine,organism_exchange,species_internal,Faecalibacterium_prausnitzii_M21_2__AGORA1_03,Faecalibacterium_prausnitzii_M21_2__AGORA1_03,NDPK2,Nucleoside-Diphosphate Kinase (ATP:UDP),1000.0,1000.0,internal_processing
81_plus,western,Faecalibacterium_prausnitzii_M21_2__AGORA1_03,Nucleotide interconversion,hxan(e),Hypoxanthine,organism_exchange,species_internal,Faecalibacterium_prausnitzii_M21_2__AGORA1_03,Faecalibacterium_prausnitzii_M21_2__AGORA1_03,NDPK1,Nucleoside-Diphosphate Kinase (ATP:GDP),1000.0,1000.0,internal_processing
81_plus,western,Faecalibacterium_prausnitzii_M21_2__AGORA1_03,Nucleotide interconversion,hxan(e),Hypoxanthine,organism_exchange,species_internal,Faecalibacterium_prausnitzii_M21_2__AGORA1_03,Faecalibacterium_prausnitzii_M21_2__AGORA1_03,NDPK7,Nucleoside-Diphosphate Kinase (ATP:dCDP),1000.0,1000.0,internal_processing
81_plus,western,Faecalibacterium_prausnitzii_M21_2__AGORA1_03,Nucleotide interconversion,hxan(e),Hypoxanthine,organism_exchange,species_internal,Faecalibacterium_prausnitzii_M21_2__AGORA1_03,Faecalibacterium_prausnitzii_M21_2__AGORA1_03,ADK9,adenylate kinase (dGTP),-1000.0,1000.0,internal_processing
81_plus,western,Faecalibacterium_prausnitzii_M21_2__AGORA1_03,Nucleotide interconversion,hxan(e),Hypoxanthine,organism_exchange,species_internal,Faecalibacterium_prausnitzii_M21_2__AGORA1_03,Faecalibacterium_prausnitzii_M21_2__AGORA1_03,ADK8,adenylate kinase (dCTP),1000.0,1000.0,internal_processing
81_plus,western,Faecalibacterium_prausnitzii_M21_2__AGORA1_03,Nucleotide interconversion,hxan(e),Hypoxanthine,organism_exchange,species_internal,Faecalibacterium_prausnitzii_M21_2__AGORA1_03,Faecalibacterium_prausnitzii_M21_2__AGORA1_03,ADK5,adenylate kinase (CTP),-1000.0,1000.0,internal_processing
81_plus,western,Faecalibacterium_prausnitzii_M21_2__AGORA1_03,Nucleotide interconversion,hxan(e),Hypoxanthine,organism_exchange,species_internal,Faecalibacterium_prausnitzii_M21_2__AGORA1_03,Faecalibacterium_prausnitzii_M21_2__AGORA1_03,ADK11,adenylate kinase (dUTP),1000.0,1000.0,internal_processing
81_plus,western,Faecalibacterium_prausnitzii_M21_2__AGORA1_03,Nucleotide interconversion,hxan(e),Hypoxanthine,organism_exchange,species_internal,Faecalibacterium_prausnitzii_M21_2__AGORA1_03,Faecalibacterium_prausnitzii_M21_2__AGORA1_03,NDPK5,Nucleoside-Diphosphate Kinase (ATP:dGDP),-999.9684130435064,999.9684130435064,internal_processing
81_plus,western,Faecalibacterium_prausnitzii_M21_2__AGORA1_03,Nucleotide interconversion,hxan(e),Hypoxanthine,organism_exchange,species_internal,Faecalibacterium_prausnitzii_M21_2__AGORA1_03,Faecalibacterium_prausnitzii_M21_2__AGORA1_03,ADK3,Adentylate Kinase (GTP),999.8947602465475,999.8947602465475,internal_processing
81_plus,western,Faecalibacterium_prausnitzii_M21_2__AGORA1_03,Nucleotide interconversion,hxan(e),Hypoxanthine,organism_exchange,species_internal,Faecalibacterium_prausnitzii_M21_2__AGORA1_03,Faecalibacterium_prausnitzii_M21_2__AGORA1_03,GK2,guanylate kinase (GMPdATP),-999.8947602465475,999.8947602465475,internal_processing
81_plus,western,Faecalibacterium_prausnitzii_M21_2__AGORA1_03,Nucleotide interconversion,hxan(e),Hypoxanthine,organism_exchange,species_internal,Faecalibacterium_prausnitzii_M21_2__AGORA1_03,Faecalibacterium_prausnitzii_M21_2__AGORA1_03,NDPK4,Nucleoside-Diphosphate Kinase (ATP:dTDP),-999.830212269596,999.830212269596,internal_processing
81_plus,western,Faecalibacterium_prausnitzii_M21_2__AGORA1_03,Nucleotide interconversion,hxan(e),Hypoxanthine,organism_exchange,species_internal,Faecalibacterium_prausnitzii_M21_2__AGORA1_03,Faecalibacterium_prausnitzii_M21_2__AGORA1_03,UTPATPT,Uridine triphosphate:AMP phosphotransferase,999.2091719408276,999.2091719408276,internal_processing
81_plus,western,Faecalibacterium_prausnitzii_M21_2__AGORA1_03,Nucleotide interconversion,hxan(e),Hypoxanthine,organism_exchange,species_internal,Faecalibacterium_prausnitzii_M21_2__AGORA1_03,Faecalibacterium_prausnitzii_M21_2__AGORA1_03,NDPK3,Nucleoside-Diphosphate Kinase (ATP:CDP),-998.1459802799068,998.1459802799068,internal_processing
81_plus,western,Faecalibacterium_prausnitzii_M21_2__AGORA1_03,Nucleotide interconversion,hxan(e),Hypoxanthine,organism_exchange,species_internal,Faecalibacterium_prausnitzii_M21_2__AGORA1_03,Faecalibacterium_prausnitzii_M21_2__AGORA1_03,NDPK8,Nucleoside-Diphosphate Kinase (ATP:dADP),-922.0605805733272,922.0605805733272,internal_processing
81_plus,western,Faecalibacterium_prausnitzii_M21_2__AGORA1_03,Nucleotide interconversion,hxan(e),Hypoxanthine,organism_exchange,species_internal,Faecalibacterium_prausnitzii_M21_2__AGORA1_03,Faecalibacterium_prausnitzii_M21_2__AGORA1_03,ADK7,adenylate kinase (dATP),79.93450636903934,79.93450636903934,internal_processing
81_plus,western,Faecalibacterium_prausnitzii_M21_2__AGORA1_03,Nucleotide interconversion,hxan(e),Hypoxanthine,organism_exchange,species_internal,Faecalibacterium_prausnitzii_M21_2__AGORA1_03,Faecalibacterium_prausnitzii_M21_2__AGORA1_03,DURIPP,Deoxyuridine Phosphorylase,51.75644315524504,51.75644315524504,internal_processing
81_plus,western,Faecalibacterium_prausnitzii_M21_2__AGORA1_03,Nucleotide interconversion,hxan(e),Hypoxanthine,organism_exchange,species_internal,Faecalibacterium_prausnitzii_M21_2__AGORA1_03,Faecalibacterium_prausnitzii_M21_2__AGORA1_03,ADD,adenine deaminase,2.4005612399067733,2.4005612399067733,internal_processing
81_plus,western,Faecalibacterium_prausnitzii_M21_2__AGORA1_03,Nucleotide interconversion,hxan(e),Hypoxanthine,organism_exchange,species_internal,Faecalibacterium_prausnitzii_M21_2__AGORA1_03,Faecalibacterium_prausnitzii_M21_2__AGORA1_03,RNTR1,ribonucleoside-triphosphate reductase (ATP),2.1249126783022247,2.1249126783022247,internal_processing
81_plus,western,Faecalibacterium_prausnitzii_M21_2__AGORA1_03,Nucleotide interconversion,hxan(e),Hypoxanthine,organism_exchange,species_internal,Faecalibacterium_prausnitzii_M21_2__AGORA1_03,Faecalibacterium_prausnitzii_M21_2__AGORA1_03,r0345,ATP:AMP Phosphotransferase Ec:2.7.4.11,-2.100326695819149,2.100326695819149,internal_processing
81_plus,western,Faecalibacterium_prausnitzii_M21_2__AGORA1_03,Nucleotide interconversion,hxan(e),Hypoxanthine,organism_exchange,species_internal,Faecalibacterium_prausnitzii_M21_2__AGORA1_03,Faecalibacterium_prausnitzii_M21_2__AGORA1_03,NTD6,5-Nucleotidase (dAMP),2.100326695819149,2.100326695819149,internal_processing
81_plus,western,Faecalibacterium_prausnitzii_M21_2__AGORA1_03,Nucleotide interconversion,hxan(e),Hypoxanthine,organism_exchange,species_internal,Faecalibacterium_prausnitzii_M21_2__AGORA1_03,Faecalibacterium_prausnitzii_M21_2__AGORA1_03,CYTK1,Cytidylate Kinase (CMP),1.8540197200931965,1.8540197200931965,internal_processing
81_plus,western,Faecalibacterium_prausnitzii_M21_2__AGORA1_03,Nucleotide interconversion,hxan(e),Hypoxanthine,organism_exchange,species_internal,Faecalibacterium_prausnitzii_M21_2__AGORA1_03,Faecalibacterium_prausnitzii_M21_2__AGORA1_03,NTD7,5-Nucleotidase (AMP),0.3002345440876247,0.3002345440876247,internal_processing
81_plus,western,Faecalibacterium_prausnitzii_M21_2__AGORA1_03,Nucleotide interconversion,hxan(e),Hypoxanthine,organism_exchange,species_internal,Faecalibacterium_prausnitzii_M21_2__AGORA1_03,Faecalibacterium_prausnitzii_M21_2__AGORA1_03,PUNP1,Purine-Nucleoside Phosphorylase (Adenosine),0.2836368631828297,0.2836368631828297,internal_processing
81_plus,western,Faecalibacterium_prausnitzii_M21_2__AGORA1_03,Nucleotide interconversion,hxan(e),Hypoxanthine,organism_exchange,species_internal,Faecalibacterium_prausnitzii_M21_2__AGORA1_03,Faecalibacterium_prausnitzii_M21_2__AGORA1_03,UMPK,UMP Kinase,0.2735718916784435,0.2735718916784435,internal_processing
81_plus,western,Faecalibacterium_prausnitzii_M21_2__AGORA1_03,Nucleotide interconversion,hxan(e),Hypoxanthine,organism_exchange,species_internal,Faecalibacterium_prausnitzii_M21_2__AGORA1_03,Faecalibacterium_prausnitzii_M21_2__AGORA1_03,PUNP7,Purine-Nucleoside Phosphorylase (Xanthosine),0.0886420725476,0.0886420725476,internal_processing
81_plus,western,Faecalibacterium_prausnitzii_M21_2__AGORA1_03,Nucleotide interconversion,hxan(e),Hypoxanthine,organism_exchange,species_internal,Faecalibacterium_prausnitzii_M21_2__AGORA1_03,Faecalibacterium_prausnitzii_M21_2__AGORA1_03,r1384,Guanosine Aminohydrolase,0.0886420725476,0.0886420725476,internal_processing
81_plus,western,Faecalibacterium_prausnitzii_M21_2__AGORA1_03,Nucleotide interconversion,hxan(e),Hypoxanthine,organism_exchange,species_internal,Faecalibacterium_prausnitzii_M21_2__AGORA1_03,Faecalibacterium_prausnitzii_M21_2__AGORA1_03,GMPS2,GMP Synthase,0.0886420725476,0.0886420725476,internal_processing
81_plus,western,Faecalibacterium_prausnitzii_M21_2__AGORA1_03,Nucleotide interconversion,hxan(e),Hypoxanthine,organism_exchange,species_internal,Faecalibacterium_prausnitzii_M21_2__AGORA1_03,Faecalibacterium_prausnitzii_M21_2__AGORA1_03,CTPS1,CTP Synthase (NH3),0.0861983166148732,0.0861983166148732,internal_processing
81_plus,western,Faecalibacterium_prausnitzii_M21_2__AGORA1_03,Nucleotide interconversion,hxan(e),Hypoxanthine,organism_exchange,species_internal,Faecalibacterium_prausnitzii_M21_2__AGORA1_03,Faecalibacterium_prausnitzii_M21_2__AGORA1_03,RNTR3,ribonucleoside-triphosphate reductase (CTP),0.0315869564935012,0.0315869564935012,internal_processing
81_plus,western,Faecalibacterium_prausnitzii_M21_2__AGORA1_03,Nucleotide interconversion,hxan(e),Hypoxanthine,organism_exchange,species_internal,Faecalibacterium_prausnitzii_M21_2__AGORA1_03,Faecalibacterium_prausnitzii_M21_2__AGORA1_03,DGK1,Deoxyguanylate Kinase (dGMP:ATP),0.0315869564934701,0.0315869564934701,internal_processing
81_plus,western,Faecalibacterium_prausnitzii_M21_2__AGORA1_03,Nucleotide interconversion,hxan(e),Hypoxanthine,organism_exchange,species_internal,Faecalibacterium_prausnitzii_M21_2__AGORA1_03,Faecalibacterium_prausnitzii_M21_2__AGORA1_03,r0456,ATP:Deoxyguanosine 5-Phosphotransferase,0.0315869564934701,0.0315869564934701,internal_processing
81_plus,western,Faecalibacterium_prausnitzii_M21_2__AGORA1_03,Nucleotide interconversion,hxan(e),Hypoxanthine,organism_exchange,species_internal,Faecalibacterium_prausnitzii_M21_2__AGORA1_03,Faecalibacterium_prausnitzii_M21_2__AGORA1_03,ADAD,deoxycytidine kinase,0.0245859824831313,0.0245859824831313,internal_processing
81_plus,western,Faecalibacterium_prausnitzii_M21_2__AGORA1_03,Nucleotide interconversion,hxan(e),Hypoxanthine,organism_exchange,species_internal,Faecalibacterium_prausnitzii_M21_2__AGORA1_03,Faecalibacterium_prausnitzii_M21_2__AGORA1_03,DTMPK,DTMP Kinase,0.0245859824831313,0.0245859824831313,internal_processing
81_plus,western,Faecalibacterium_prausnitzii_M21_2__AGORA1_03,Nucleotide interconversion,hxan(e),Hypoxanthine,organism_exchange,species_internal,Faecalibacterium_prausnitzii_M21_2__AGORA1_03,Faecalibacterium_prausnitzii_M21_2__AGORA1_03,TMDSf2,"thymidylate synthase  (Flavin-dependent, NAD)",0.0245859824831313,0.0245859824831313,internal_processing
81_plus,western,Faecalibacterium_prausnitzii_M21_2__AGORA1_03,Nucleotide interconversion,hxan(e),Hypoxanthine,organism_exchange,species_internal,Faecalibacterium_prausnitzii_M21_2__AGORA1_03,Faecalibacterium_prausnitzii_M21_2__AGORA1_03,ADK2,adenylate kinase (Inorganic triphosphate),0.0165976809047949,0.0165976809047949,internal_processing
81_plus,western,Faecalibacterium_prausnitzii_M21_2__AGORA1_03,Nucleotide interconversion,hxan(e),Hypoxanthine,organism_exchange,species_internal,Faecalibacterium_prausnitzii_M21_2__AGORA1_03,Faecalibacterium_prausnitzii_M21_2__AGORA1_03,BPNT,"3, 5-Bisphosphate Nucleotidase",0.0165976809047949,0.0165976809047949,internal_processing
